{
  "schemaVersion": 1,
  "id": "wurst",
  "version": "${version}",

  "name": "Wurst Client",
  "description": "Wurst Wurst Wurst!",
  "authors": [
    "Alexander01998"
  ],
  "contact": {
    "homepage": "https://www.wurstclient.net/",
    "sources": "https://www.wurstclient.net/github/"
  },

  "license": "GPL-3.0-or-later",
  "icon": "assets/modid/icon.png",

  "environment": "client",
  "entrypoints": {
    "main": [
      "net.wurstclient.WurstInitializer"
    ]
  },
  "mixins": [
    "wurst.mixins.json"
  ],

  "depends": {
    "fabricloader": ">=0.4.0",
    "fabric": "*",
    "minecraft": "1.15.x"
  },
  "suggests": {
    "flamingo": "*"
  },
  "breaks": {
    "wi_zoom": "*",
    "wi-zoom": "*"
  }
}
